Article Title,Abstract,Authors,Source Title,Publication Year,Document Type,DOI,"Times Cited, WoS Core",Research Areas,Keywords,combined_text,keyword_score,summary,Full Text Retrieved,Objective/Purpose,Cognitive Load Measurement Methods,Key Findings,Relevance to Manufacturing Context,Strengths/Limitations,Full Text Link
A theoretical framework for evaluating mental workload resources in human systems design for manufacturing operations,"As the nature of manufacturing work is changing, requiring more cognitive demands, there is a need to develop system models for measuring and predicting human performance in repetitive task operations. This paper presents a theoretical framework, which provides a systematic approach for measuring mental workload using a combination of analytical and empirical techniques: human performance modeling with a computer simulation and mathematical modeling, along with physiological, subjective and performance measures. For this study, the Air Force MATE, which is a re-development of the NASA simulation tool, was used to model multitasking in a controlled environment to validate the theoretical framework. The independent variable of task complexity was measured, in the modeling of resource demands for a cleaning-inspection process and a final inspection process, using three dependent variables (subjective, physiological and performance measures) with a total of four responses (NASA-TLX, Workload Profile, fixation duration and human error probability). The results indicate no significant difference among the response variables for each task complexity level, indicating the model accurately represents the operator's workload. Additional analysis shows accurate predication from the model in analyzing workload peaks. Relevance to industry: This theoretical framework is designed to evaluate operator mental workload utilization in the manufacturing domain. This is important because manufacturing work is changing by requiring more multitasking roles, which increases cognitive demand. Therefore, the industry needs models that can predict operator performance and mental workload for improved productivity. (C) 2016 Elsevier B.V. All rights reserved.","Bommer, SC; Fendley, M",INTERNATIONAL JOURNAL OF INDUSTRIAL ERGONOMICS,2018,Article,10.1016/j.ergon.2016.10.007,44,Engineering,Cognitive ergonomics; Repetitive tasks; Mental workload; Multiple resource theory; Human performance modeling; TASKS,"A theoretical framework for evaluating mental workload resources in human systems design for manufacturing operations As the nature of manufacturing work is changing, requiring more cognitive demands, there is a need to develop system models for measuring and predicting human performance in repetitive task operations. This paper presents a theoretical framework, which provides a systematic approach for measuring mental workload using a combination of analytical and empirical techniques: human performance modeling with a computer simulation and mathematical modeling, along with physiological, subjective and performance measures. For this study, the Air Force MATE, which is a re-development of the NASA simulation tool, was used to model multitasking in a controlled environment to validate the theoretical framework. The independent variable of task complexity was measured, in the modeling of resource demands for a cleaning-inspection process and a final inspection process, using three dependent variables (subjective, physiological and performance measures) with a total of four responses (NASA-TLX, Workload Profile, fixation duration and human error probability). The results indicate no significant difference among the response variables for each task complexity level, indicating the model accurately represents the operator's workload. Additional analysis shows accurate predication from the model in analyzing workload peaks. Relevance to industry: This theoretical framework is designed to evaluate operator mental workload utilization in the manufacturing domain. This is important because manufacturing work is changing by requiring more multitasking roles, which increases cognitive demand. Therefore, the industry needs models that can predict operator performance and mental workload for improved productivity. (C) 2016 Elsevier B.V. All rights reserved.",0.3748635886744493," As the nature of manufacturing work is changing, requiring more cognitive demands, there is a need to develop system models for measuring and predicting human performance in repetitive task operations . This paper presents a theoretical framework, which provides a systematic approach for measuring",False,,,,,,https://etd.ohiolink.edu/acprod/odb_etd/ws/send_file/send?accession=wright1464648924&disposition=inline
Profiling cognitive workload in an unmanned vehicle control task with cognitive models and physiological metrics,"In the present study, we use Cognitive Metrics Profiling (CMP) to capture variance in cognitive load within a complex unmanned vehicle control task. We aim to demonstrate convergent validity with existing workload measurement methods, and to decompose workload into constituent cognitive resources to aid in diagnosing causes of workload. A cognitive model of the task was developed and examined to determine the extent to which it could predict behavioral performance, subjective workload, and validated physiological workload metrics. We also examined model activity to draw insights regarding loaded cognitive capacities. We found that composite workload from the model predicted physiological metrics, performance, and subjective workload. Moreover, the model indicates that differences in workload were driven largely by procedural, declarative, and temporal memory demands. We have found preliminary evidence of correspondence between workload predictions of a CMP model and physiological measures of workload. This suggests our approach captures interesting aspects of workload in a complex task environment and may provide a theoretical link between behavioral, physiological, and subjective metrics. This approach may provide a means to design effective workload mitigation interventions and improve decision-making about personnel tasking and automation.","Stevens, CA; Morris, MB; Fisher, CR; Myers, CW",MILITARY PSYCHOLOGY,2023,Article,10.1080/08995605.2022.2130673,4,Psychology,Cognitive workload; computational modeling; EEG; cognitive architecture; memory; HEART-RATE-VARIABILITY; MENTAL WORKLOAD; ACT-R; EEG; ARCHITECTURE; INDEXES,"Profiling cognitive workload in an unmanned vehicle control task with cognitive models and physiological metrics In the present study, we use Cognitive Metrics Profiling (CMP) to capture variance in cognitive load within a complex unmanned vehicle control task. We aim to demonstrate convergent validity with existing workload measurement methods, and to decompose workload into constituent cognitive resources to aid in diagnosing causes of workload. A cognitive model of the task was developed and examined to determine the extent to which it could predict behavioral performance, subjective workload, and validated physiological workload metrics. We also examined model activity to draw insights regarding loaded cognitive capacities. We found that composite workload from the model predicted physiological metrics, performance, and subjective workload. Moreover, the model indicates that differences in workload were driven largely by procedural, declarative, and temporal memory demands. We have found preliminary evidence of correspondence between workload predictions of a CMP model and physiological measures of workload. This suggests our approach captures interesting aspects of workload in a complex task environment and may provide a theoretical link between behavioral, physiological, and subjective metrics. This approach may provide a means to design effective workload mitigation interventions and improve decision-making about personnel tasking and automation.",0.3605874123057431," In the present study, we use Cognitive Metrics Profiling (CMP) to capture variance in cognitive load within a complex unmanned vehicle control task . We aim to demonstrate convergent validity with existing workload measurement methods . We have found preliminary",False,,,,,,https://www.ncbi.nlm.nih.gov/pmc/articles/PMC10617379
Determining Cognitive Workload Using Physiological Measurements: Pupillometry and Heart-Rate Variability,"The adoption of Industry 4.0 technologies in manufacturing systems has accelerated in recent years, with a shift towards understanding operators' well-being and resilience within the context of creating a human-centric manufacturing environment. In addition to measuring physical workload, monitoring operators' cognitive workload is becoming a key element in maintaining a healthy and high-performing working environment in future digitalized manufacturing systems. The current approaches to the measurement of cognitive workload may be inadequate when human operators are faced with a series of new digitalized technologies, where their impact on operators' mental workload and performance needs to be better understood. Therefore, a new method for measuring and determining the cognitive workload is required. Here, we propose a new method for determining cognitive-workload indices in a human-centric environment. The approach provides a method to define and verify the relationships between the factors of task complexity, cognitive workload, operators' level of expertise, and indirectly, the operator performance level in a highly digitalized manufacturing environment. Our strategy is tested in a series of experiments where operators perform assembly tasks on a Wankel Engine block. The physiological signals from heart-rate variability and pupillometry bio-markers of 17 operators were captured and analysed using eye-tracking and electrocardiogram sensors. The experimental results demonstrate statistically significant differences in both cardiac and pupillometry-based cognitive load indices across the four task complexity levels (rest, low, medium, and high). Notably, these developed indices also provide better indications of cognitive load responding to changes in complexity compared to other measures. Additionally, while experts appear to exhibit lower cognitive loads across all complexity levels, further analysis is required to confirm statistically significant differences. In conclusion, the results from both measurement sensors are found to be compatible and in support of the proposed new approach. Our strategy should be useful for designing and optimizing workplace environments based on the cognitive load experienced by operators.","Ma, XY; Monfared, R; Grant, R; Goh, YM",SENSORS,2024,Article,10.3390/s24062010,2,Chemistry; Engineering; Instruments & Instrumentation,cognitive workload; task performance; pupillometry; heart-rate variability; cognitive-workload index; STRESS,"Determining Cognitive Workload Using Physiological Measurements: Pupillometry and Heart-Rate Variability The adoption of Industry 4.0 technologies in manufacturing systems has accelerated in recent years, with a shift towards understanding operators' well-being and resilience within the context of creating a human-centric manufacturing environment. In addition to measuring physical workload, monitoring operators' cognitive workload is becoming a key element in maintaining a healthy and high-performing working environment in future digitalized manufacturing systems. The current approaches to the measurement of cognitive workload may be inadequate when human operators are faced with a series of new digitalized technologies, where their impact on operators' mental workload and performance needs to be better understood. Therefore, a new method for measuring and determining the cognitive workload is required. Here, we propose a new method for determining cognitive-workload indices in a human-centric environment. The approach provides a method to define and verify the relationships between the factors of task complexity, cognitive workload, operators' level of expertise, and indirectly, the operator performance level in a highly digitalized manufacturing environment. Our strategy is tested in a series of experiments where operators perform assembly tasks on a Wankel Engine block. The physiological signals from heart-rate variability and pupillometry bio-markers of 17 operators were captured and analysed using eye-tracking and electrocardiogram sensors. The experimental results demonstrate statistically significant differences in both cardiac and pupillometry-based cognitive load indices across the four task complexity levels (rest, low, medium, and high). Notably, these developed indices also provide better indications of cognitive load responding to changes in complexity compared to other measures. Additionally, while experts appear to exhibit lower cognitive loads across all complexity levels, further analysis is required to confirm statistically significant differences. In conclusion, the results from both measurement sensors are found to be compatible and in support of the proposed new approach. Our strategy should be useful for designing and optimizing workplace environments based on the cognitive load experienced by operators.",0.330884145084769, The adoption of Industry 4.0 technologies in manufacturing systems has accelerated in recent years . Monitoring operators' cognitive workload is becoming a key element in maintaining a healthy and high-performing working environment in future digitalized manufacturing systems .,False,,,,,,https://www.mdpi.com/1424-8220/24/6/2010/pdf?version=1711091303
Using Past and Present Indicators of Human Workload to Explain Variance in Human Performance,"Cognitive workload is assumed to influence performance due to resource competition. However, there is a lack of evidence for a direct relationship between changes in workload within an individual over time and changes in that individual's performance. We collected performance data using a multiple object-tracking task in which we measured workload objectively in real-time using a modified detection response task. Using a multi-level Bayesian model controlling for task difficulty and past performance, we found strong evidence that workload both during and preceding a tracking trial was predictive of performance, such that higher workload led to poorer performance. These negative workload-performance relationships were remarkably consistent across individuals. Importantly, we demonstrate that fluctuations in workload independent from the task demands accounted for significant performance variation. The outcomes have implications for designing real-time adaptive systems to proactively mitigate human performance decrements, but also highlight the pervasive influence of cognitive workload more generally.","Howard, ZL; Innes, R; Eidels, A; Loft, S",PSYCHONOMIC BULLETIN & REVIEW,2021,Article,10.3758/s13423-021-01961-6,7,Psychology,Cognitive and attentional control; Attention and executive control; Bayesian statistics; Dual-task performance; MENTAL WORKLOAD; EGO DEPLETION; DISTRACTION; AUTOMATION; ATTENTION; ACCOUNT; MODEL,"Using Past and Present Indicators of Human Workload to Explain Variance in Human Performance Cognitive workload is assumed to influence performance due to resource competition. However, there is a lack of evidence for a direct relationship between changes in workload within an individual over time and changes in that individual's performance. We collected performance data using a multiple object-tracking task in which we measured workload objectively in real-time using a modified detection response task. Using a multi-level Bayesian model controlling for task difficulty and past performance, we found strong evidence that workload both during and preceding a tracking trial was predictive of performance, such that higher workload led to poorer performance. These negative workload-performance relationships were remarkably consistent across individuals. Importantly, we demonstrate that fluctuations in workload independent from the task demands accounted for significant performance variation. The outcomes have implications for designing real-time adaptive systems to proactively mitigate human performance decrements, but also highlight the pervasive influence of cognitive workload more generally.",0.3121365609508336, There is a lack of evidence for a direct relationship between changes in workload within an individual over time and changes in that individual's performance . We collected performance data using a multiple object-tracking task in which we measured workload objectively in real-,False,,,,,,https://link.springer.com/content/pdf/10.3758/s13423-021-01961-6.pdf
Overloaded and at Work: Investigating the Effect of Cognitive Workload on Assembly Task Performance,"Objective This study investigates the effect of cognitive overload on assembly task performance and muscle activity. Background Understanding an operator's cognitive workload is an important component in assessing human-machine interaction. However, little evidence is available on the effect that cognitive overload has on task performance and muscle activity when completing manufacturing tasks. Method Twenty-two volunteers completed an assembly task while performing a secondary cognitive task with increasing levels of demand (n-back). Performance in the assembly task (completion times, accuracy), muscle activity recorded as integrated electromyography (EMG), and self-reported workload were measured. Results Results show that the increasing cognitive demand imposed by then-back task resulted in impaired assembly task performance, overall greater muscle activity, and higher self-reported workload. Relative to the control condition, performing the 2-back task resulted in longer assembly task completion times (+10 s on average) and greater integrated EMG for flexor carpi ulnaris, triceps brachii, biceps brachii, anterior deltoid, and pectoralis major. Conclusion This study demonstrates that working under high cognitive load not only results in greater muscle activity, but also affects assembly task completion times, which may have a direct effect on manufacturing cycle times. Application Results are applicable to the assessment of the effects of high cognitive workload in manufacturing.","Biondi, FN; Cacanindin, A; Douglas, C; Cort, J",HUMAN FACTORS,2021,Article,10.1177/0018720820929928,32,Behavioral Sciences; Engineering; Psychology,cognitive workload; assembly task; multitasking; cognitive ergonomics; muscle activity; MUSCLE; DISTRACTION; DRIVER,"Overloaded and at Work: Investigating the Effect of Cognitive Workload on Assembly Task Performance Objective This study investigates the effect of cognitive overload on assembly task performance and muscle activity. Background Understanding an operator's cognitive workload is an important component in assessing human-machine interaction. However, little evidence is available on the effect that cognitive overload has on task performance and muscle activity when completing manufacturing tasks. Method Twenty-two volunteers completed an assembly task while performing a secondary cognitive task with increasing levels of demand (n-back). Performance in the assembly task (completion times, accuracy), muscle activity recorded as integrated electromyography (EMG), and self-reported workload were measured. Results Results show that the increasing cognitive demand imposed by then-back task resulted in impaired assembly task performance, overall greater muscle activity, and higher self-reported workload. Relative to the control condition, performing the 2-back task resulted in longer assembly task completion times (+10 s on average) and greater integrated EMG for flexor carpi ulnaris, triceps brachii, biceps brachii, anterior deltoid, and pectoralis major. Conclusion This study demonstrates that working under high cognitive load not only results in greater muscle activity, but also affects assembly task completion times, which may have a direct effect on manufacturing cycle times. Application Results are applicable to the assessment of the effects of high cognitive workload in manufacturing.",0.2497873746640951," Little evidence is available on the effect that cognitive overload has on task performance and muscle activity when completing manufacturing tasks . Working under high cognitive load results in greater muscle activity, but also affects assembly task completion times, which may have a direct effect",False,,,,,,https://www.ncbi.nlm.nih.gov/pmc/articles/PMC8273843
"Assessing the Relationship between Cognitive Workload, Workstation Design, User Acceptance and Trust in Collaborative Robots","Collaborative robots are revolutionising the manufacturing industry and the way workers perform their tasks. When designing shared workspaces between robots and humans, human factors and ergonomics are often overlooked. This study assessed the relationship between cognitive workload, workstation design, user acceptance and trust in collaborative robots. We combined subjective and objective data to evaluate the cognitive workload during an assembly task in three different scenarios in which we manipulated various features of the workstation and interaction modalities. Our results showed that participants experienced a reduction in cognitive workload in each of the three trials, indicating an improvement in cognitive performance. Additionally, we found that user acceptance predicted perceived stress across the trials but did not significantly impact the cognitive workload. Trust was not found to moderate the relationship between cognitive workload and perceived stress. This study has the potential to make a significant contribution to the field of collaborative assembly systems by providing valuable insights and helping to bridge the gap between researchers and practitioners. This study can potentially impact companies looking to improve safety, productivity and efficiency.","Panchetti, T; Pietrantoni, L; Puzzo, G; Gualtieri, L; Fraboni, F",APPLIED SCIENCES-BASEL,2023,Article,10.3390/app13031720,17,Chemistry; Engineering; Materials Science; Physics,human-robot collaboration; cognitive workload; technology acceptance; trust; workstation; INFORMATION; TECHNOLOGY; STRESS; SYSTEM,"Assessing the Relationship between Cognitive Workload, Workstation Design, User Acceptance and Trust in Collaborative Robots Collaborative robots are revolutionising the manufacturing industry and the way workers perform their tasks. When designing shared workspaces between robots and humans, human factors and ergonomics are often overlooked. This study assessed the relationship between cognitive workload, workstation design, user acceptance and trust in collaborative robots. We combined subjective and objective data to evaluate the cognitive workload during an assembly task in three different scenarios in which we manipulated various features of the workstation and interaction modalities. Our results showed that participants experienced a reduction in cognitive workload in each of the three trials, indicating an improvement in cognitive performance. Additionally, we found that user acceptance predicted perceived stress across the trials but did not significantly impact the cognitive workload. Trust was not found to moderate the relationship between cognitive workload and perceived stress. This study has the potential to make a significant contribution to the field of collaborative assembly systems by providing valuable insights and helping to bridge the gap between researchers and practitioners. This study can potentially impact companies looking to improve safety, productivity and efficiency.",0.2452531901275262," Collaborative robots are revolutionising the manufacturing industry and the way workers perform their tasks . Human factors and ergonomics are often overlooked when designing shared workspaces between robots and humans . This study assessed the relationship between cognitive workload, workstation",False,,,,,,https://www.mdpi.com/2076-3417/13/3/1720/pdf?version=1674984292
What do subjective workload scales really measure? Operational and representational solutions to divergence of workload measures,"We examine the continuing use of subjective workload responses to index an operator's state, either by themselves or as part of a collective suite of measurements. Lack of convergence of subjective scales with physiological and performance-based measures calls into question whether there is any unitary workload construct that underpins conscious experience, physiological state and the individual's profile of task-related performance. We examine philosophical and measurement perspectives on the divergence problem, and we consider three possible solutions. First, difficulties in reliable and valid measurement of workload may contribute to divergence but do not fully explain it. Second, workload may be treated operationally: use of specific measures is justified by demonstrating their pragmatic utility in predicting important outcomes. Third, further efforts may be made to develop representational workload measurements that correspond to real empirical phenomena. Application of formal standards for test validity can identify multiple latent constructs supporting subjective workload, including those defining self-regulation in performance contexts. Physiological and performance-based assessments may define additional, distinct constructs. A resolution of the diversity issue is crucial for ergonomics since the invalid application of workload measurement will threaten exposed operators as well as many others who are served by the complex technological systems they control.","Matthews, G; De Winter, J; Hancock, PA",THEORETICAL ISSUES IN ERGONOMICS SCIENCE,2020,Article,10.1080/1463922X.2018.1547459,33,Engineering,Assessment measures; cognitive workload; convergence; psychometrics; validity; MENTAL WORKLOAD; SITUATION AWARENESS; TASK ENGAGEMENT; NASA-TLX; PERFORMANCE; LOAD; STRESS; PSYCHOMETRICS; CONSTRUCTS; AUTOMATION,"What do subjective workload scales really measure? Operational and representational solutions to divergence of workload measures We examine the continuing use of subjective workload responses to index an operator's state, either by themselves or as part of a collective suite of measurements. Lack of convergence of subjective scales with physiological and performance-based measures calls into question whether there is any unitary workload construct that underpins conscious experience, physiological state and the individual's profile of task-related performance. We examine philosophical and measurement perspectives on the divergence problem, and we consider three possible solutions. First, difficulties in reliable and valid measurement of workload may contribute to divergence but do not fully explain it. Second, workload may be treated operationally: use of specific measures is justified by demonstrating their pragmatic utility in predicting important outcomes. Third, further efforts may be made to develop representational workload measurements that correspond to real empirical phenomena. Application of formal standards for test validity can identify multiple latent constructs supporting subjective workload, including those defining self-regulation in performance contexts. Physiological and performance-based assessments may define additional, distinct constructs. A resolution of the diversity issue is crucial for ergonomics since the invalid application of workload measurement will threaten exposed operators as well as many others who are served by the complex technological systems they control.",0.2423827499124971," Lack of convergence of subjective scales with physiological and performance-based measures calls into question whether there is any unitary workload construct that underpins conscious experience, physiological state and individual's profile of task-related performance . Application of formal standards for",False,,,,,,https://repository.tudelft.nl/file/File_aabc09b9-0456-433e-ba26-16e8f9cefa9d
Assessment of a large language model based digital intelligent assistant in assembly manufacturing,"The use of Digital Intelligent Assistants (DIAs) in manufacturing aims to enhance performance and reduce cognitive workload. By leveraging the advanced capabilities of Large Language Models (LLMs), the research aims to understand the impact of DIAs on assembly processes, emphasizing human-centric design and operational efficiency. The study is novel in considering the three primary objectives: evaluating the technical robustness of DIAs, assessing their effect on operators' cognitive workload and user experience, and determining the overall performance improvement of the assembly process. Methodologically, the research employs a laboratory experiment, incorporating a controlled setting to meticulously assess the DIA's performance. The experiment used a between-subjects design comparing a group of participants using the DIA against a control group relying on traditional manual methods across a series of assembly tasks. Findings reveal a significant enhancement in the operators' experience, a reduction in cognitive load, and an improvement in the quality of process outputs when the DIA is employed. The article contributes to the study of the DIA's potential and AI integration in manufacturing, offering insights into the design, development, and evaluation of DIAs in industrial settings.","Colabianchi, S; Costantino, F; Sabetta, N",COMPUTERS IN INDUSTRY,2024,Article,10.1016/j.compind.2024.104129,0,Computer Science,Chatbot; Experimental design; Artificial intelligence; Natural language processing; Industry 4.0; Industry 5.0; INDUSTRY 4.0; TRAINING SYSTEM,"Assessment of a large language model based digital intelligent assistant in assembly manufacturing The use of Digital Intelligent Assistants (DIAs) in manufacturing aims to enhance performance and reduce cognitive workload. By leveraging the advanced capabilities of Large Language Models (LLMs), the research aims to understand the impact of DIAs on assembly processes, emphasizing human-centric design and operational efficiency. The study is novel in considering the three primary objectives: evaluating the technical robustness of DIAs, assessing their effect on operators' cognitive workload and user experience, and determining the overall performance improvement of the assembly process. Methodologically, the research employs a laboratory experiment, incorporating a controlled setting to meticulously assess the DIA's performance. The experiment used a between-subjects design comparing a group of participants using the DIA against a control group relying on traditional manual methods across a series of assembly tasks. Findings reveal a significant enhancement in the operators' experience, a reduction in cognitive load, and an improvement in the quality of process outputs when the DIA is employed. The article contributes to the study of the DIA's potential and AI integration in manufacturing, offering insights into the design, development, and evaluation of DIAs in industrial settings.",0.2028170389074409," Digital Intelligent Assistants (DIAs) in manufacturing aims to enhance performance and reduce cognitive workload . Findings reveal a significant enhancement in the operators' experience, a reduction in cognitive load, and an improvement in the quality of process outputs when",False,,,,,,https://doi.org/10.1016/j.compind.2024.104129
MENTAL WORKLOAD (MWL) MEASUREMENT OF OFFICERS IN SIMULATED SHIP NAVIGATION:DETERMINING THE REDLINES OF PERFORMANCE,"The main aim of this study is to measure the mental workload of the operators according to the increasing workload during simulated ship navigation and it is aimed to contribute to the clarification of upper redline of task demands. Eye responses and performance results of twelve participants were recorded during the measurements carried out in bridge simulator. In addition, a specific tool (NASA-TLX) was used to assess twelve participants at the end of each step of the scenarios. The results showed that mental workload of the participants increased as the task load increased and their performance decreased. It was observed that the developed Artificial Neural Network model can predict operator mental workload based on eye response indices (accuracy: 79.2%). This study is considered to contribute to the literature by defining an upper redline of task demands for an operator and monitoring near real-time mental workload indicators based on the physiological data of operators in the presence of autonomous ships and in navigational conditions where the automation level of ships gradually increases.","Ã–zsever, B; Tavacioglu, L",INTERNATIONAL JOURNAL OF MARITIME ENGINEERING,2022,Article,10.5750/ijme.v164i1.727,2,Engineering,mental workload; ship navigation; eye response; navigation performance; human factors; PHYSIOLOGICAL INDEXES; COGNITIVE DEMANDS; RESPONSES; OPERATIONS; NAVIGATION; FATIGUE; PILOTS,"MENTAL WORKLOAD (MWL) MEASUREMENT OF OFFICERS IN SIMULATED SHIP NAVIGATION:DETERMINING THE REDLINES OF PERFORMANCE The main aim of this study is to measure the mental workload of the operators according to the increasing workload during simulated ship navigation and it is aimed to contribute to the clarification of upper redline of task demands. Eye responses and performance results of twelve participants were recorded during the measurements carried out in bridge simulator. In addition, a specific tool (NASA-TLX) was used to assess twelve participants at the end of each step of the scenarios. The results showed that mental workload of the participants increased as the task load increased and their performance decreased. It was observed that the developed Artificial Neural Network model can predict operator mental workload based on eye response indices (accuracy: 79.2%). This study is considered to contribute to the literature by defining an upper redline of task demands for an operator and monitoring near real-time mental workload indicators based on the physiological data of operators in the presence of autonomous ships and in navigational conditions where the automation level of ships gradually increases.",0.2008160313675215, The main aim of this study is to measure the mental workload of the operators according to the increasing workload during simulated ship navigation . Eye responses and performance results of twelve participants were recorded during the measurements carried out in bridge simulator .,False,,,,,,https://www.intmaritimeengineering.org/index.php/ijme/article/download/727/384
Real-time prediction of short-timescale fluctuations in cognitive workload,"Human operators often experience large fluctuations in cognitive workload over seconds timescales that can lead to sub-optimal performance, ranging from overload to neglect. Adaptive automation could potentially address this issue, but to do so it needs to be aware of real-time changes in operators' spare cognitive capacity, so it can provide help in times of peak demand and take advantage of troughs to elicit operator engagement. However, it is unclear whether rapid changes in task demands are reflected in similarly rapid fluctuations in spare capacity, and if so what aspects of responses to those demands are predictive of the current level of spare capacity. We used the ISO standard detection response task (DRT) to measure cognitive workload approximately every 4 s in a demanding task requiring monitoring and refueling of a fleet of simulated unmanned aerial vehicles (UAVs). We showed that the DRT provided a valid measure that can detect differences in workload due to changes in the number of UAVs. We used cross-validation to assess whether measures related to task performance immediately preceding the DRT could predict detection performance as a proxy for cognitive workload. Although the simple occurrence of task events had weak predictive ability, composite measures that tapped operators' situational awareness with respect to fuel levels were much more effective. We conclude that cognitive workload does vary rapidly as a function of recent task events, and that real-time predictive models of operators' cognitive workload provide a potential avenue for automation to adapt without an ongoing need for intrusive workload measurements.","Boehm, U; Matzke, D; Gretton, M; Castro, S; Cooper, J; Skinner, M; Strayer, D; Heathcote, A",COGNITIVE RESEARCH-PRINCIPLES AND IMPLICATIONS,2021,Article,10.1186/s41235-021-00289-y,8,Psychology,Cognitive workload; Detection response task; Cross-validation; Workload prediction; Human-automation teaming; MENTAL WORKLOAD; MODEL SELECTION; SYSTEM; TASKS; PERFORMANCE; COMPLEXITY,"Real-time prediction of short-timescale fluctuations in cognitive workload Human operators often experience large fluctuations in cognitive workload over seconds timescales that can lead to sub-optimal performance, ranging from overload to neglect. Adaptive automation could potentially address this issue, but to do so it needs to be aware of real-time changes in operators' spare cognitive capacity, so it can provide help in times of peak demand and take advantage of troughs to elicit operator engagement. However, it is unclear whether rapid changes in task demands are reflected in similarly rapid fluctuations in spare capacity, and if so what aspects of responses to those demands are predictive of the current level of spare capacity. We used the ISO standard detection response task (DRT) to measure cognitive workload approximately every 4 s in a demanding task requiring monitoring and refueling of a fleet of simulated unmanned aerial vehicles (UAVs). We showed that the DRT provided a valid measure that can detect differences in workload due to changes in the number of UAVs. We used cross-validation to assess whether measures related to task performance immediately preceding the DRT could predict detection performance as a proxy for cognitive workload. Although the simple occurrence of task events had weak predictive ability, composite measures that tapped operators' situational awareness with respect to fuel levels were much more effective. We conclude that cognitive workload does vary rapidly as a function of recent task events, and that real-time predictive models of operators' cognitive workload provide a potential avenue for automation to adapt without an ongoing need for intrusive workload measurements.",0.1997191948889987," Human operators often experience large fluctuations in cognitive workload over seconds timescales that can lead to sub-optimal performance . Adaptive automation could potentially address this issue, but to do so it needs to be aware of real-time changes",False,,,,,,https://cognitiveresearchjournal.springeropen.com/track/pdf/10.1186/s41235-021-00289-y
Validating an abnormal situation prediction model for smart manufacturing in the oil refining industry,"Human beings play an important role in a smart manufacturing economy. The repetitive and cognitive demanding task operations of smart manufacturing require the development of system models for measuring and predicting human performance, including oil refinery monitoring tasks. The main objective of this research was to validate the generalizability of a mathematical model for the prediction of refinery operators' detection of abnormal events. Moreover, we examined operators' visual behaviors in response to abnormal situations at different ages and with different task loads, task complexities, and input devices. We found that participants had lower mean fixation durations, total fixation numbers, and fixation/saccade ratios when they were in the condition of a touchscreen device. Moreover, we found that older adults had higher mean saccade durations and saccade amplitudes when they were in the condition of a touchscreen device. Finally, the statistical model borrowed from our prior paper was found to be generalizable to different task loads and age groups for the prediction of operators' detection of abnormal events. Our results showed that visual behaviors can indicate specific internal states of participants, including their cognitive workload, attention, and situation awareness in a real-time manner. The findings provide additional support for the value of using visual behavior to predict responsiveness of oil refinery operators and for future applications of smart manufacturing monitoring systems.","Shi, C; Rothrock, L",APPLIED ERGONOMICS,2022,Article,10.1016/j.apergo.2022.103697,4,Engineering; Psychology,Statistical modeling prediction; Interactive devices; Control room; Eye-tracking; CONTROL ROOM OPERATORS; EYE-TRACKING; PETROLEUM; PROGRAM; SAFETY,"Validating an abnormal situation prediction model for smart manufacturing in the oil refining industry Human beings play an important role in a smart manufacturing economy. The repetitive and cognitive demanding task operations of smart manufacturing require the development of system models for measuring and predicting human performance, including oil refinery monitoring tasks. The main objective of this research was to validate the generalizability of a mathematical model for the prediction of refinery operators' detection of abnormal events. Moreover, we examined operators' visual behaviors in response to abnormal situations at different ages and with different task loads, task complexities, and input devices. We found that participants had lower mean fixation durations, total fixation numbers, and fixation/saccade ratios when they were in the condition of a touchscreen device. Moreover, we found that older adults had higher mean saccade durations and saccade amplitudes when they were in the condition of a touchscreen device. Finally, the statistical model borrowed from our prior paper was found to be generalizable to different task loads and age groups for the prediction of operators' detection of abnormal events. Our results showed that visual behaviors can indicate specific internal states of participants, including their cognitive workload, attention, and situation awareness in a real-time manner. The findings provide additional support for the value of using visual behavior to predict responsiveness of oil refinery operators and for future applications of smart manufacturing monitoring systems.",0.1891543370764795," The main objective of this research was to validate the generalizability of a mathematical model for the prediction of refinery operators' detection of abnormal events . We found that participants had lower mean fixation durations, total fixation numbers, and fixation/",False,,,,,,https://scholarsphere.psu.edu/resources/346d40ee-2b4f-41fd-87cb-5ec3a973359f/downloads/20493
Using Cognitive Workload Analysis to Predict and Mitigate Workload for Training Simulation,"Constructive simulation-based training does not always go according to plan. Instructors observe scenarios and direct adaptive responses to unexpected events. Simulation operators typically use a graphical interface to monitor the scenario and generate specific interventions that implement the instructor's intent. These activities require the operators' attention and cognitive resources, particularly for complex directions and scenarios with multiple entities to monitor. We are developing automated tools to reduce operator workload, thereby increasing the cost effectiveness of training. We use cognitive workload analysis to identify situations in which operators would be overloaded, and to identify the factors that cause the overloading. By identifying workload hot spots, we can target more effective automated support strategies. GOMS (Goals, Operators, Methods, Selection) is a theoretical framework for workload analysis that has been applied to many modeling and automation applications. We use GOMS to create a detailed characterization of a set of typical monitoring and intervention tasks for fixed-wing air combat training. This enabled us to synthesize predictive models for combinations of these tasks. The models indicate where operators are likely to have difficulty implementing instructor's intent, as well as where operators are unlikely to be able to complete their tasks correctly. We then used these predictive models to guide the development of tools for reducing operator workload, as well as experimental scenarios for evaluating the effectiveness of those tools. This paper discusses the approach to GOMS modeling, as well as the details of how we used the predictive GOMS models to identify cognitive workload limitations. Using illustrative examples representative of fixed-wing air combat training, we describe composition of workload models, construction of combined predictive models, and use of models for development and testing. (C) 2015 The Authors. Published by Elsevier B.V.","Jones, RM; Wray, RE; Zaientz, J; Bachelor, B; Newton, C","6TH INTERNATIONAL CONFERENCE ON APPLIED HUMAN FACTORS AND ERGONOMICS (AHFE 2015) AND THE AFFILIATED CONFERENCES, AHFE 2015",2015,Proceedings Paper,10.1016/j.promfg.2015.07.825,3,Behavioral Sciences; Engineering,Workload prediction; Workload mitigation; GOMS; Training; Cognitive systems; Autonomous agents; ,"Using Cognitive Workload Analysis to Predict and Mitigate Workload for Training Simulation Constructive simulation-based training does not always go according to plan. Instructors observe scenarios and direct adaptive responses to unexpected events. Simulation operators typically use a graphical interface to monitor the scenario and generate specific interventions that implement the instructor's intent. These activities require the operators' attention and cognitive resources, particularly for complex directions and scenarios with multiple entities to monitor. We are developing automated tools to reduce operator workload, thereby increasing the cost effectiveness of training. We use cognitive workload analysis to identify situations in which operators would be overloaded, and to identify the factors that cause the overloading. By identifying workload hot spots, we can target more effective automated support strategies. GOMS (Goals, Operators, Methods, Selection) is a theoretical framework for workload analysis that has been applied to many modeling and automation applications. We use GOMS to create a detailed characterization of a set of typical monitoring and intervention tasks for fixed-wing air combat training. This enabled us to synthesize predictive models for combinations of these tasks. The models indicate where operators are likely to have difficulty implementing instructor's intent, as well as where operators are unlikely to be able to complete their tasks correctly. We then used these predictive models to guide the development of tools for reducing operator workload, as well as experimental scenarios for evaluating the effectiveness of those tools. This paper discusses the approach to GOMS modeling, as well as the details of how we used the predictive GOMS models to identify cognitive workload limitations. Using illustrative examples representative of fixed-wing air combat training, we describe composition of workload models, construction of combined predictive models, and use of models for development and testing. (C) 2015 The Authors. Published by Elsevier B.V.",0.1889662951207648," We use cognitive workload analysis to identify situations in which operators would be overloaded . By identifying workload hot spots, we can target more effective automated support strategies . GOMS (Goals, Operators, Methods, Selection) is a theoretical",False,,,,,,https://doi.org/10.1016/j.promfg.2015.07.825
Development of a Neuroergonomic Assessment for the Evaluation of Mental Workload in an Industrial Human-Robot Interaction Assembly Task: A Comparative Case Study,"The disruptive deployment of collaborative robots, named cobots, in Industry 5.0 has brought attention to the safety and ergonomic aspects of industrial human-robot interaction (HRI) tasks. In particular, the study of the operator's mental workload in HRI activities has been the research object of a new branch of ergonomics, called neuroergonomics, to improve the operator's wellbeing and the efficiency of the system. This study shows the development of a combinative assessment for the evaluation of mental workload in a comparative analysis of two assembly task scenarios, without and with robot interaction. The evaluation of mental workload is achieved through a combination of subjective (NASA TLX) and real-time objective measurements. This latter measurement is found using an innovative electroencephalogram (EEG) device and the characterization of the cognitive workload through the brainwave power ratio beta/alpha, defined after the pre-processing phase of EEG data. Finally, observational analyses are considered regarding the task performance of the two scenarios. The statistical analyses show how significantly the mental workload diminution and a higher level of performance, as the number of components assembled correctly by the participants, are achieved in the scenario with the robot.","Caiazzo, C; Savkovic, M; Pusica, M; Milojevic, D; Leva, MC; Djapan, M",MACHINES,2023,Article,10.3390/machines11110995,3,Engineering,collaborative robotics; neuroergonomics; IR5.0; human-robot interaction; mental workload; EEG; experimental design; ergonomic assessment; cobots; performance; COLLABORATION; PERFORMANCE,"Development of a Neuroergonomic Assessment for the Evaluation of Mental Workload in an Industrial Human-Robot Interaction Assembly Task: A Comparative Case Study The disruptive deployment of collaborative robots, named cobots, in Industry 5.0 has brought attention to the safety and ergonomic aspects of industrial human-robot interaction (HRI) tasks. In particular, the study of the operator's mental workload in HRI activities has been the research object of a new branch of ergonomics, called neuroergonomics, to improve the operator's wellbeing and the efficiency of the system. This study shows the development of a combinative assessment for the evaluation of mental workload in a comparative analysis of two assembly task scenarios, without and with robot interaction. The evaluation of mental workload is achieved through a combination of subjective (NASA TLX) and real-time objective measurements. This latter measurement is found using an innovative electroencephalogram (EEG) device and the characterization of the cognitive workload through the brainwave power ratio beta/alpha, defined after the pre-processing phase of EEG data. Finally, observational analyses are considered regarding the task performance of the two scenarios. The statistical analyses show how significantly the mental workload diminution and a higher level of performance, as the number of components assembled correctly by the participants, are achieved in the scenario with the robot.",0.1889642996877723," The disruptive deployment of collaborative robots, named cobots, in Industry 5.0 has brought attention to the safety and ergonomic aspects of industrial human-robot interaction (HRI) tasks . The study of the operator's mental workload",False,,,,,,https://www.mdpi.com/2075-1702/11/11/995/pdf?version=1698378025
Electroencephalographic Workload Indicators During Teleoperation of an Unmanned Aerial Vehicle Shepherding a Swarm of Unmanned Ground Vehicles in Contested Environments,"Background: Although many electroencephalographic (EEG) indicators have been proposed in the literature, it is unclear which of the power bands and various indices are best as indicators of mental workload. Spectral powers (Theta, Alpha, and Beta) and ratios (Beta/(Alpha + Theta), Theta/Alpha, Theta/Beta) were identified in the literature as prominent indicators of cognitive workload. Objective: The aim of the present study is to identify a set of EEG indicators that can be used for the objective assessment of cognitive workload in a multitasking setting and as a foundational step toward a human-autonomy augmented cognition system. Methods: The participants' perceived workload was modulated during a teleoperation task involving an unmanned aerial vehicle (UAV) shepherding a swarm of unmanned ground vehicles (UGVs). Three sources of data were recorded from sixteen participants (n = 16): heart rate (HR), EEG, and subjective indicators of the perceived workload using the Air Traffic Workload Input Technique (ATWIT). Results: The HR data predicted the scores from ATWIT. Nineteen common EEG features offered a discriminatory power of the four workload setups with high classification accuracy (82.23%), exhibiting a higher sensitivity than ATWIT and HR. Conclusion: The identified set of features represents EEG indicators for the objective assessment of cognitive workload across subjects. These common indicators could be used for augmented intelligence in human-autonomy teaming scenarios, and form the basis for our work on designing a closed-loop augmented cognition system for human-swarm teaming.","Rojas, RF; Debie, E; Fidock, J; Barlow, M; Kasmarik, K; Anavatti, S; Garratt, M; Abbass, H",FRONTIERS IN NEUROSCIENCE,2020,Article,10.3389/fnins.2020.00040,48,Neurosciences & Neurology,augmented intelligence; cognitive load; human-autonomy teaming; human-swarm teaming; shepherding; mental load; cognitive indicators; EEG; ATTENTION-DEFICIT/HYPERACTIVITY DISORDER; BIOCYBERNETIC SYSTEM; MENTAL WORKLOAD; BETA BANDS; EEG; ALPHA; TASK; PERFORMANCE; INDEXES; AUTOMATION,"Electroencephalographic Workload Indicators During Teleoperation of an Unmanned Aerial Vehicle Shepherding a Swarm of Unmanned Ground Vehicles in Contested Environments Background: Although many electroencephalographic (EEG) indicators have been proposed in the literature, it is unclear which of the power bands and various indices are best as indicators of mental workload. Spectral powers (Theta, Alpha, and Beta) and ratios (Beta/(Alpha + Theta), Theta/Alpha, Theta/Beta) were identified in the literature as prominent indicators of cognitive workload. Objective: The aim of the present study is to identify a set of EEG indicators that can be used for the objective assessment of cognitive workload in a multitasking setting and as a foundational step toward a human-autonomy augmented cognition system. Methods: The participants' perceived workload was modulated during a teleoperation task involving an unmanned aerial vehicle (UAV) shepherding a swarm of unmanned ground vehicles (UGVs). Three sources of data were recorded from sixteen participants (n = 16): heart rate (HR), EEG, and subjective indicators of the perceived workload using the Air Traffic Workload Input Technique (ATWIT). Results: The HR data predicted the scores from ATWIT. Nineteen common EEG features offered a discriminatory power of the four workload setups with high classification accuracy (82.23%), exhibiting a higher sensitivity than ATWIT and HR. Conclusion: The identified set of features represents EEG indicators for the objective assessment of cognitive workload across subjects. These common indicators could be used for augmented intelligence in human-autonomy teaming scenarios, and form the basis for our work on designing a closed-loop augmented cognition system for human-swarm teaming.",0.1819810320913075, Many electroencephalographic (EEG) indicators have been proposed in the literature . The aim of the study is to identify a set of EEG indicators that can be used for the objective assessment of cognitive workload in a multitasking setting .,False,,,,,,https://fjfsdata01prod.blob.core.windows.net/articles/files/509340/pubmed-zip/.versions/1/.package-entries/fnins-14-00040/fnins-14-00040.pdf?sv=2018-03-28&sr=b&sig=C0YVHeI1u%2BVm1VOib%2BMakEciZhbHxuV7ajPMErVHeR4%3D&se=2021-02-19T18%3A29%3A02Z&sp=r&rscd=attachment%3B%20filename%2A%3DUTF-8%27%27fnins-14-00040.pdf
An Online Framework for Cognitive Load Assessment in Industrial Tasks,"The ongoing trend toward Industry 4.0 has revolutionised ordinary workplaces, profoundly changing the role played by humans in the production chain. Research on ergonomics in industrial settings mainly focuses on reducing the operator's physical fatigue and discomfort to improve throughput and avoid safety hazards. However, as the production complexity increases, the cognitive resources demand and mental workload could compromise the operator's performance and the efficiency of the shop floor workplace. State-of-the-art methods in cognitive science work offline and/or involve bulky equipment hardly deployable in industrial settings. This paper presents a novel method for online assessment of cognitive load in manufacturing, primarily assembly, by detecting patterns in human motion directly from the input images of a stereo camera. Head pose estimation and skeleton tracking are exploited to investigate the workers' attention and assess hyperactivity and unforeseen movements. Pilot experiments suggest that our factor assessment tool provides significant insights into workers' mental workload, even confirmed by correlations with physiological and performance measurements. According to data gathered in this study, a vision-based cognitive load assessment has the potential to be integrated into the development of mechatronic systems for improving cognitive ergonomics in manufacturing.","Lagomarsino, M; Lorenzini, M; De Momi, E; Ajoudani, A",ROBOTICS AND COMPUTER-INTEGRATED MANUFACTURING,2022,Article,10.1016/j.rcim.2022.102380,23,Computer Science; Engineering; Robotics,Cognitive ergonomics; Cognitive manufacturing; Assembly; Attention estimation; Stress detection; MENTAL-DISORDERS; PERFORMANCE; ATTENTION; WORKLOAD,"An Online Framework for Cognitive Load Assessment in Industrial Tasks The ongoing trend toward Industry 4.0 has revolutionised ordinary workplaces, profoundly changing the role played by humans in the production chain. Research on ergonomics in industrial settings mainly focuses on reducing the operator's physical fatigue and discomfort to improve throughput and avoid safety hazards. However, as the production complexity increases, the cognitive resources demand and mental workload could compromise the operator's performance and the efficiency of the shop floor workplace. State-of-the-art methods in cognitive science work offline and/or involve bulky equipment hardly deployable in industrial settings. This paper presents a novel method for online assessment of cognitive load in manufacturing, primarily assembly, by detecting patterns in human motion directly from the input images of a stereo camera. Head pose estimation and skeleton tracking are exploited to investigate the workers' attention and assess hyperactivity and unforeseen movements. Pilot experiments suggest that our factor assessment tool provides significant insights into workers' mental workload, even confirmed by correlations with physiological and performance measurements. According to data gathered in this study, a vision-based cognitive load assessment has the potential to be integrated into the development of mechatronic systems for improving cognitive ergonomics in manufacturing.",0.1738918317864207, A vision-based cognitive load assessment has the potential to be integrated into the development of mechatronic systems for improving cognitive ergonomics in manufacturing . Head pose estimation and skeleton tracking are exploited to investigate the workers' attention and assess hyper,False,,,,,,http://arxiv.org/pdf/2109.03627
Using near infrared spectroscopy and heart rate variability to detect mental overload,"Mental workload is a key factor influencing the occurrence of human error, especially during piloting and remotely operated vehicle (ROV) operations, where safety depends on the ability of pilots to act appropriately. In particular, excessively high or low mental workload can lead operators to neglect critical information. The objective of the present study is to investigate the potential of functional near infrared spectroscopy (fNIRS) - a non-invasive method of measuring prefrontal cortex activity - in combination with measurements of heart rate variability (HRV), to predict mental workload during a simulated piloting task, with particular regard to task engagement and disengagement. Twelve volunteers performed a computer-based piloting task in which they were asked to follow a dynamic target with their aircraft, a task designed to replicate key cognitive demands associated with real life ROV operating tasks. In order to cover a wide range of mental workload levels, task difficulty was manipulated in terms of processing load and difficulty of control - two critical sources of workload associated with piloting and remotely operating a vehicle. Results show that both fNIRS and HRV are sensitive to different levels of mental workload; notably, lower prefrontal activation as well as a lower LF/HF ratio at the highest level of difficulty, suggest that these measures are suitable for mental overload detection. Moreover, these latter measurements point toward the existence of a quadratic model of mental workload. (C) 2013 Elsevier B.V. All rights reserved.","Durantin, G; Gagnon, JF; Tremblay, S; Dehais, F",BEHAVIOURAL BRAIN RESEARCH,2014,Article,10.1016/j.bbr.2013.10.042,188,Behavioral Sciences; Neurosciences & Neurology,NIRS; HRV; Mental overload; Human factors; Remotely operated vehicle; WORKING-MEMORY; PREFRONTAL CORTEX; BRAIN ACTIVATION; AGE-DIFFERENCES; AUTOMATION USE; WORKLOAD; PERFORMANCE; EXPERTISE; RESPONSES; DYNAMICS,"Using near infrared spectroscopy and heart rate variability to detect mental overload Mental workload is a key factor influencing the occurrence of human error, especially during piloting and remotely operated vehicle (ROV) operations, where safety depends on the ability of pilots to act appropriately. In particular, excessively high or low mental workload can lead operators to neglect critical information. The objective of the present study is to investigate the potential of functional near infrared spectroscopy (fNIRS) - a non-invasive method of measuring prefrontal cortex activity - in combination with measurements of heart rate variability (HRV), to predict mental workload during a simulated piloting task, with particular regard to task engagement and disengagement. Twelve volunteers performed a computer-based piloting task in which they were asked to follow a dynamic target with their aircraft, a task designed to replicate key cognitive demands associated with real life ROV operating tasks. In order to cover a wide range of mental workload levels, task difficulty was manipulated in terms of processing load and difficulty of control - two critical sources of workload associated with piloting and remotely operating a vehicle. Results show that both fNIRS and HRV are sensitive to different levels of mental workload; notably, lower prefrontal activation as well as a lower LF/HF ratio at the highest level of difficulty, suggest that these measures are suitable for mental overload detection. Moreover, these latter measurements point toward the existence of a quadratic model of mental workload. (C) 2013 Elsevier B.V. All rights reserved.",0.1723015019452935," Mental workload is a key factor influencing the occurrence of human error, especially during piloting and remotely operated vehicle (ROV) operations . In particular, excessively high or low mental workload can lead operators to neglect critical information .",False,,,,,,https://hal.archives-ouvertes.fr/hal-00996701/file/Dehais_11612.pdf
Robots Working with Humans or Humans Working with Robots? Searching for Social Dimensions in New Human-Robot Interaction in Industry,"The focus of the following article is on the use of new robotic systems in the manufacturing industry with respect to the social dimension. Since intuitive human-machine interaction (HMI) in robotic systems becomes a significant objective of technical progress, new models of work organization are needed. This hypothesis will be investigated through the following two aims: The first aim is to identify relevant research questions related to the potential use of robotic systems in different systems of work organization at the manufacturing shop-floor level. The second aim is to discuss the conceptualization of (old) organizational problems of human-robot interaction (HRI). In this context, the article reflects on the limits of cognitive and perceptual workload for robot operators in complex working systems. This will be particularly relevant whenever more robots with different roles are to be increasingly used in the manufacturing industry. The integration of such complex socio-technical systems needs further empirical and conceptual research with regard to social aspects of the technical dimension. Future research should, therefore, also integrate economic and societal issues to understand the full dimensions of new human-robot interaction in industry today.","Moniz, AB; Krings, BJ",SOCIETIES,2016,Article,10.3390/soc6030023,63,Sociology,human-machine interaction; manufacturing industry; cognitive workload; complex working systems; organization of work; FUTURE; DESIGN,"Robots Working with Humans or Humans Working with Robots? Searching for Social Dimensions in New Human-Robot Interaction in Industry The focus of the following article is on the use of new robotic systems in the manufacturing industry with respect to the social dimension. Since intuitive human-machine interaction (HMI) in robotic systems becomes a significant objective of technical progress, new models of work organization are needed. This hypothesis will be investigated through the following two aims: The first aim is to identify relevant research questions related to the potential use of robotic systems in different systems of work organization at the manufacturing shop-floor level. The second aim is to discuss the conceptualization of (old) organizational problems of human-robot interaction (HRI). In this context, the article reflects on the limits of cognitive and perceptual workload for robot operators in complex working systems. This will be particularly relevant whenever more robots with different roles are to be increasingly used in the manufacturing industry. The integration of such complex socio-technical systems needs further empirical and conceptual research with regard to social aspects of the technical dimension. Future research should, therefore, also integrate economic and societal issues to understand the full dimensions of new human-robot interaction in industry today.",0.1720787706500464, The focus of the following article is on the use of new robotic systems in the manufacturing industry with respect to the social dimension . Future research should also integrate economic and societal issues to understand the full dimensions of new human-robot interaction in,False,,,,,,https://www.mdpi.com/2075-4698/6/3/23/pdf?version=1470122004
Cognitive Workload Classification in Industry 5.0 Applications: Electroencephalography-Based Bi-Directional Gated Network Approach,"In the era of Industry 5.0, effectively managing cognitive workload is crucial for optimizing human performance and ensuring operational efficiency. Using an EEG-based Bi-directional Gated Network (BDGN) approach, this study tries to figure out how to classify cognitive workload in Industry 5.0 applications. The proposed approach incorporates LSTM (Long Short-Term Memory) and GRU (Gated Recurrent Unit) models in a hybrid architecture to leverage their complementary strengths. This research highlights the utilization of the developed model alongside the MQTT (Message Queuing Telemetry Transport) protocol to facilitate real-time end-to-end data transmission. The deployed AI model performs the classification of cognitive workload based on the received data. The main findings of this research reveal an impressive accuracy of 98% in cognitive workload classification, validating the efficacy of the suggested BDGN approach. This study emphasizes the significance of leveraging EEG-based approaches in Industry 5.0 applications for cognitive workload management.","Afzal, MA; Gu, ZY; Afzal, B; Bukhari, SU",ELECTRONICS,2023,Article,10.3390/electronics12194008,2,Computer Science; Engineering; Physics,cognitive workload; Industry 5.0; electroencephalogram; bi-directional gated networks; human-robot interaction; artificial intelligence; ,"Cognitive Workload Classification in Industry 5.0 Applications: Electroencephalography-Based Bi-Directional Gated Network Approach In the era of Industry 5.0, effectively managing cognitive workload is crucial for optimizing human performance and ensuring operational efficiency. Using an EEG-based Bi-directional Gated Network (BDGN) approach, this study tries to figure out how to classify cognitive workload in Industry 5.0 applications. The proposed approach incorporates LSTM (Long Short-Term Memory) and GRU (Gated Recurrent Unit) models in a hybrid architecture to leverage their complementary strengths. This research highlights the utilization of the developed model alongside the MQTT (Message Queuing Telemetry Transport) protocol to facilitate real-time end-to-end data transmission. The deployed AI model performs the classification of cognitive workload based on the received data. The main findings of this research reveal an impressive accuracy of 98% in cognitive workload classification, validating the efficacy of the suggested BDGN approach. This study emphasizes the significance of leveraging EEG-based approaches in Industry 5.0 applications for cognitive workload management.",0.1701930128347987," Using an EEG-based Bi-directional Gated Network (BDGN) approach, this study tries to figure out how to classify cognitive workload in Industry 5.0 applications . The proposed approach incorporates LSTM (Long Short-",False,,,,,,https://www.mdpi.com/2079-9292/12/19/4008/pdf?version=1695437664
On the impact of on-road partially-automated driving on drivers' cognitive workload and attention allocation,"The use of partially-automated or SAE level-2 vehicles is expected to change the role of the human driver from operator to supervisor, which may have an effect on the driver's workload and visual attention. In this study, 30 Ontario drivers operated a vehicle in manual and partially-automated mode. Cognitive workload was measured by means of the Detection Response Task, and visual attention was measured by means of coding glances on and off the forward roadway. No difference in cognitive workload was found between driving modes. However, drivers spent less time glancing at the forward roadway, and more time glancing at the vehicle's touchscreen. These data add to our knowledge of how vehicle automation affects cognitive workload and attention allocation, and show potential safety risks associated with the adoption of partially-automated driving.","Biondi, FN; Jajo, N",ACCIDENT ANALYSIS AND PREVENTION,2024,Article,10.1016/j.aap.2024.107537,0,"Engineering; Public, Environmental & Occupational Health; Social Sciences - Other Topics; Transportation",Automated driving; Cognitive workload; Attention allocation; Tesla Autopilot; Safety risk; SELF-REGULATION,"On the impact of on-road partially-automated driving on drivers' cognitive workload and attention allocation The use of partially-automated or SAE level-2 vehicles is expected to change the role of the human driver from operator to supervisor, which may have an effect on the driver's workload and visual attention. In this study, 30 Ontario drivers operated a vehicle in manual and partially-automated mode. Cognitive workload was measured by means of the Detection Response Task, and visual attention was measured by means of coding glances on and off the forward roadway. No difference in cognitive workload was found between driving modes. However, drivers spent less time glancing at the forward roadway, and more time glancing at the vehicle's touchscreen. These data add to our knowledge of how vehicle automation affects cognitive workload and attention allocation, and show potential safety risks associated with the adoption of partially-automated driving.",0.1637193484478538," The use of partially-automated or SAE level-2 vehicles is expected to change the role of the human driver from operator to supervisor, which may have an effect on the driver's workload and visual attention .",False,,,,,,https://doi.org/10.1016/j.aap.2024.107537
Experimental study to investigate mental workload of local vs remote operator in human-machine interaction,"A new Coronavirus disease 2019 has spread globally since 2019. Consequently, businesses from different sectors were forced to work remotely. At the same time, research in this area has seen a rise in studying and emerging technologies that allow and promote such a remote working style; not every sector is equipped for such a transition. The manufacturing sector especially, has faced challenges in this respect. This paper investigates the mental workload (MWL) of two groups of participants through a human-machine interaction task. Participants were required to bring a robotised cell to full production by tuning system and dispensing process parameters. Following the experiment, a self-assessment of the participants' perceived MWL using the raw NASA Task Load Index (RTLX) was collected. The results reveal that remote participants tend to have a lower perceived workload compared to the local participants, but mental demand was deemed higher while performance was rated lower.","Zimmer, M; Al-Yacoub, A; Ferreira, P; Hubbard, EM; Lohse, N",PRODUCTION AND MANUFACTURING RESEARCH-AN OPEN ACCESS JOURNAL,2022,Article,10.1080/21693277.2022.2090458,0,Engineering,Mental workload; NASA-TLX; RTLX; remote working; ergonomics; Human-machine interaction; COGNITIVE LOAD ASSESSMENT; VISUAL INFORMATION; COLLABORATION,"Experimental study to investigate mental workload of local vs remote operator in human-machine interaction A new Coronavirus disease 2019 has spread globally since 2019. Consequently, businesses from different sectors were forced to work remotely. At the same time, research in this area has seen a rise in studying and emerging technologies that allow and promote such a remote working style; not every sector is equipped for such a transition. The manufacturing sector especially, has faced challenges in this respect. This paper investigates the mental workload (MWL) of two groups of participants through a human-machine interaction task. Participants were required to bring a robotised cell to full production by tuning system and dispensing process parameters. Following the experiment, a self-assessment of the participants' perceived MWL using the raw NASA Task Load Index (RTLX) was collected. The results reveal that remote participants tend to have a lower perceived workload compared to the local participants, but mental demand was deemed higher while performance was rated lower.",0.1577222377398535," Research in this area has seen a rise in studying and emerging technologies that allow and promote such a remote working style . The manufacturing sector especially, has faced challenges in this respect . Remote participants tend to have a lower perceived workload compared to the",False,,,,,,https://www.tandfonline.com/doi/pdf/10.1080/21693277.2022.2090458?needAccess=true
The effect of cognitive workload on decision authority assignment in human-robot collaboration,"Human-robot collaboration in dynamic industrial environments warrants robot flexibility and shifting between tasks. Adaptive robot behavior unavoidably carries decision-making needs regarding task allocation and scheduling. Such decisions can be made either by the human team members or autonomously, by the robot's controlling algorithm. Human authority may help preserve situational awareness but increases mental demands due to increased responsibilities. Conversely, granting authority to the robot can offload the operator, at the cost of reduced intervention readiness. This paper aims to investigate the question of decision authority assignment in a human-robot team, in terms of performance, perceived workload and subjective preference. We hypothesized that the answer is influenced by the cognitive workload imposed on the human operator by the work process. An experiment with 21 participants was conducted, in which decision authority and induced workload through a secondary task were varied between trials. Results confirmed that operators can support the robot better when decision authority is allocated according to their workload. However, operator decision authority (a) may cause inferior performance at any secondary tasks performed in parallel with robot supervision and (b) increases perceived workload. Subjective preference was found to be evenly divided between the two levels of decision authority, and unaffected by task difficulty. In brief, if human-robot team performance is a priority, humans should be granted decision authority when their overall workload allows it. In high-workload conditions, system decision-making algorithms should be developed. Nonetheless, process designers should be mindful of the interpersonal differences between operators who are destined to collaborate with robots.","Karakikes, M; Nathanael, D",COGNITION TECHNOLOGY & WORK,2023,Article,10.1007/s10111-022-00719-x,9,Engineering,Human-robot collaboration; Decision authority; Task allocation; Adaptive automation; Secondary task; CONSTRUCT-VALIDITY; TRAIL,"The effect of cognitive workload on decision authority assignment in human-robot collaboration Human-robot collaboration in dynamic industrial environments warrants robot flexibility and shifting between tasks. Adaptive robot behavior unavoidably carries decision-making needs regarding task allocation and scheduling. Such decisions can be made either by the human team members or autonomously, by the robot's controlling algorithm. Human authority may help preserve situational awareness but increases mental demands due to increased responsibilities. Conversely, granting authority to the robot can offload the operator, at the cost of reduced intervention readiness. This paper aims to investigate the question of decision authority assignment in a human-robot team, in terms of performance, perceived workload and subjective preference. We hypothesized that the answer is influenced by the cognitive workload imposed on the human operator by the work process. An experiment with 21 participants was conducted, in which decision authority and induced workload through a secondary task were varied between trials. Results confirmed that operators can support the robot better when decision authority is allocated according to their workload. However, operator decision authority (a) may cause inferior performance at any secondary tasks performed in parallel with robot supervision and (b) increases perceived workload. Subjective preference was found to be evenly divided between the two levels of decision authority, and unaffected by task difficulty. In brief, if human-robot team performance is a priority, humans should be granted decision authority when their overall workload allows it. In high-workload conditions, system decision-making algorithms should be developed. Nonetheless, process designers should be mindful of the interpersonal differences between operators who are destined to collaborate with robots.",0.1484335698861384, Human-robot collaboration in dynamic industrial environments warrants robot flexibility and shifting between tasks . Adaptive robot behavior unavoidably carries decision-making needs regarding task allocation and scheduling . Human authority may preserve situational awareness but increases mental demands due to increased,False,,,,,,https://link.springer.com/content/pdf/10.1007/s10111-022-00719-x.pdf
Investigation of Multiple Resource Theory Design Principles on Robot Teleoperation and Workload Management,"Robot interfaces often only use the visual channel. Inspired by Wickens' Multiple Resource Theory, we investigated if the addition of audio elements would reduce cognitive workload and improve performance. Specifically, we designed a search and threat-defusal task (primary) with a memory test task (secondary). Eleven participants - predominantly first responders - were recruited to control a robot to clear all threats in a combination of four conditions of primary and secondary tasks in visual and auditory channels. While we did not find any statistically significant differences in performance or workload across subjects, making it questionable that Multiple Resource Theory could shorten longer-term task completion time and reduce workload. Our results suggest that considering individual differences for splitting interface modalities across multiple channels requires further investigation.","Han, Z; Norton, A; McCann, E; Baraniecki, L; Ober, W; Shane, D; Skinner, A; Yanco, HA",2021 IEEE INTERNATIONAL CONFERENCE ON ROBOTICS AND AUTOMATION (ICRA 2021),2021,Proceedings Paper,10.1109/ICRA48506.2021.9561182,0,Automation & Control Systems; Robotics,; AUTOMATION,"Investigation of Multiple Resource Theory Design Principles on Robot Teleoperation and Workload Management Robot interfaces often only use the visual channel. Inspired by Wickens' Multiple Resource Theory, we investigated if the addition of audio elements would reduce cognitive workload and improve performance. Specifically, we designed a search and threat-defusal task (primary) with a memory test task (secondary). Eleven participants - predominantly first responders - were recruited to control a robot to clear all threats in a combination of four conditions of primary and secondary tasks in visual and auditory channels. While we did not find any statistically significant differences in performance or workload across subjects, making it questionable that Multiple Resource Theory could shorten longer-term task completion time and reduce workload. Our results suggest that considering individual differences for splitting interface modalities across multiple channels requires further investigation.",0.1412143605338839," Inspired by Wickens' Multiple Resource Theory, we investigated if the addition of audio elements would reduce cognitive workload and improve performance . We designed a search and threat-defusal task (primary) with a memory test task (secondary) Eleven",False,,,,,,http://arxiv.org/pdf/2103.16427
Modified pluralistic walkthrough for method evaluation in manufacturing,"This paper presents a mixed evaluation design including quantitative and qualitative datain order to validate the scope, validity, and reliability of a recently developed CLAM method and tool. A central part of the evaluation was the use of a modified pluralistic walkthroughthat was created to better suit the industrial domain. The evaluation of CLAM was performed in a demonstration factory focusing on manufacturing of street scooters and electric pedal cars. The modified walkthrough was conducted on the shop floor, during on-going assembly, which stresses the representativeness of a real-world setting of manufacturing. The modified pluralistic walkthrough functioned accurately as an evaluation method of CLAM and the exhaustive comments and data from the user representatives were very beneficial. The quantitative results show convicting evidence of CLAM's utility for assessing cognitive load while the qualitative results indicate that some modifications have to be made in order to enhance the actual tool in order to avoid misinterpretations resulting in misleading outcomes. (C) 2015 The Authors. Published by Elsevier B.V.","Thorvald, P; Lindblom, J; Schmitz, S","6TH INTERNATIONAL CONFERENCE ON APPLIED HUMAN FACTORS AND ERGONOMICS (AHFE 2015) AND THE AFFILIATED CONFERENCES, AHFE 2015",2015,Proceedings Paper,10.1016/j.promfg.2015.07.544,4,Behavioral Sciences; Engineering,CLAM; modified pluralistic method; cognitive workload; cognitive load method evaluation; manufacturing; assembly; ,"Modified pluralistic walkthrough for method evaluation in manufacturing This paper presents a mixed evaluation design including quantitative and qualitative datain order to validate the scope, validity, and reliability of a recently developed CLAM method and tool. A central part of the evaluation was the use of a modified pluralistic walkthroughthat was created to better suit the industrial domain. The evaluation of CLAM was performed in a demonstration factory focusing on manufacturing of street scooters and electric pedal cars. The modified walkthrough was conducted on the shop floor, during on-going assembly, which stresses the representativeness of a real-world setting of manufacturing. The modified pluralistic walkthrough functioned accurately as an evaluation method of CLAM and the exhaustive comments and data from the user representatives were very beneficial. The quantitative results show convicting evidence of CLAM's utility for assessing cognitive load while the qualitative results indicate that some modifications have to be made in order to enhance the actual tool in order to avoid misinterpretations resulting in misleading outcomes. (C) 2015 The Authors. Published by Elsevier B.V.",0.1397475096878641," This paper presents a mixed evaluation design including quantitative and qualitative datain to validate the scope, validity, and reliability of a recently developed CLAM method and tool . The evaluation of CLAM was performed in a demonstration factory focusing on manufacturing of",False,,,,,,https://doi.org/10.1016/j.promfg.2015.07.544
Cognitive task analysis and workload classification,"A B S T R A C T Automation can be utilized to relieve humans of difficult and repetitive tasks in many domains, presenting the opportunity for safer and more efficient systems. This increase in automation has led to new supervisory roles for human operators where humans monitor feedback from autonomous systems and provide input when necessary. Optimizing these roles requires tools for evaluation of task complexity and resulting operator cognitive workload. Cognitive task analysis is a process for modeling the cognitive actions required of a human during a task. This work presents an enhanced version of this process: Cognitive Task Analysis and Workload Classification (CTAWC). The goal of developing CTAWC was to provide a standardized process to decompose cognitive tasks in enough depth to allow for precise identification of sources of cognitive workload. CTAWC has the following advantages over conventional CTA methodology: center dot Integrates standard terminology from existing taxonomies for task classification to describe expected operator cognitive workload during task performance. center dot Provides a framework to evaluate adequate cognitive depth when decomposing cognitive tasks. center dot Provides a standard model upon which to build an empirical study to evaluate task complexity. (c) 2021 The Authors. Published by Elsevier B.V. This is an open access article under the CC BY license ( http://creativecommons.org/licenses/by/4.0/ )","Knisely, BM; Joyner, JS; Vaughn-Cooke, M",METHODSX,2021,Article,10.1016/j.mex.2021.101235,10,Science & Technology - Other Topics,Human performance; Workstation; Autonomous; Pupillometry; Human-machine system; PERFORMANCE; ACCURACY; MOVEMENT; REMOVAL,"Cognitive task analysis and workload classification A B S T R A C T Automation can be utilized to relieve humans of difficult and repetitive tasks in many domains, presenting the opportunity for safer and more efficient systems. This increase in automation has led to new supervisory roles for human operators where humans monitor feedback from autonomous systems and provide input when necessary. Optimizing these roles requires tools for evaluation of task complexity and resulting operator cognitive workload. Cognitive task analysis is a process for modeling the cognitive actions required of a human during a task. This work presents an enhanced version of this process: Cognitive Task Analysis and Workload Classification (CTAWC). The goal of developing CTAWC was to provide a standardized process to decompose cognitive tasks in enough depth to allow for precise identification of sources of cognitive workload. CTAWC has the following advantages over conventional CTA methodology: center dot Integrates standard terminology from existing taxonomies for task classification to describe expected operator cognitive workload during task performance. center dot Provides a framework to evaluate adequate cognitive depth when decomposing cognitive tasks. center dot Provides a standard model upon which to build an empirical study to evaluate task complexity. (c) 2021 The Authors. Published by Elsevier B.V. This is an open access article under the CC BY license ( http://creativecommons.org/licenses/by/4.0/ )",0.1344856290664748, Cognitive task analysis is a process for modeling the cognitive actions required of a human during a task . The goal of developing CTAWC was to provide a standardized process to decompose cognitive tasks in enough depth to allow for precise identification of sources,False,,,,,,https://doi.org/10.1016/j.mex.2021.101235
Advanced workstations and collaborative robots: exploiting eye-tracking and cardiac activity indices to unveil senior workers' mental workload in assembly tasks,"Introduction: As a result of Industry 5.0's technological advancements, collaborative robots (cobots) have emerged as pivotal enablers for refining manufacturing processes while re-focusing on humans. However, the successful integration of these cutting-edge tools hinges on a better understanding of human factors when interacting with such new technologies, eventually fostering workers' trust and acceptance and promoting low-fatigue work. This study thus delves into the intricate dynamics of human-cobot interactions by adopting a human-centric view.Methods: With this intent, we targeted senior workers, who often contend with diminishing work capabilities, and we explored the nexus between various human factors and task outcomes during a joint assembly operation with a cobot on an ergonomic workstation. Exploiting a dual-task manipulation to increase the task demand, we measured performance, subjective perceptions, eye-tracking indices and cardiac activity during the task. Firstly, we provided an overview of the senior workers' perceptions regarding their shared work with the cobot, by measuring technology acceptance, perceived wellbeing, work experience, and the estimated social impact of this technology in the industrial sector. Secondly, we asked whether the considered human factors varied significantly under dual-tasking, thus responding to a higher mental load while working alongside the cobot. Finally, we explored the predictive power of the collected measurements over the number of errors committed at the work task and the participants' perceived workload.Results: The present findings demonstrated how senior workers exhibited strong acceptance and positive experiences with our advanced workstation and the cobot, even under higher mental strain. Besides, their task performance suffered increased errors and duration during dual-tasking, while the eye behavior partially reflected the increased mental demand. Some interesting outcomes were also gained about the predictive power of some of the collected indices over the number of errors committed at the assembly task, even though the same did not apply to predicting perceived workload levels.Discussion: Overall, the paper discusses possible applications of these results in the 5.0 manufacturing sector, emphasizing the importance of adopting a holistic human-centered approach to understand the human-cobot complex better.","Pluchino, P; Pernice, GFA; Nenna, F; Mingardi, M; Bettelli, A; Bacchin, D; Spagnolli, A; Jacucci, G; Ragazzon, A; Miglioranzi, L; Pettenon, C; Gamberini, L",FRONTIERS IN ROBOTICS AND AI,2023,Article,10.3389/frobt.2023.1275572,1,Robotics,human factors; ergonomic workstations; collaborative robots; mental workload; psychophysiology; COGNITIVE WORKLOAD; NASA-TLX; DESIGN; ACCEPTANCE; MODEL; TRUST,"Advanced workstations and collaborative robots: exploiting eye-tracking and cardiac activity indices to unveil senior workers' mental workload in assembly tasks Introduction: As a result of Industry 5.0's technological advancements, collaborative robots (cobots) have emerged as pivotal enablers for refining manufacturing processes while re-focusing on humans. However, the successful integration of these cutting-edge tools hinges on a better understanding of human factors when interacting with such new technologies, eventually fostering workers' trust and acceptance and promoting low-fatigue work. This study thus delves into the intricate dynamics of human-cobot interactions by adopting a human-centric view.Methods: With this intent, we targeted senior workers, who often contend with diminishing work capabilities, and we explored the nexus between various human factors and task outcomes during a joint assembly operation with a cobot on an ergonomic workstation. Exploiting a dual-task manipulation to increase the task demand, we measured performance, subjective perceptions, eye-tracking indices and cardiac activity during the task. Firstly, we provided an overview of the senior workers' perceptions regarding their shared work with the cobot, by measuring technology acceptance, perceived wellbeing, work experience, and the estimated social impact of this technology in the industrial sector. Secondly, we asked whether the considered human factors varied significantly under dual-tasking, thus responding to a higher mental load while working alongside the cobot. Finally, we explored the predictive power of the collected measurements over the number of errors committed at the work task and the participants' perceived workload.Results: The present findings demonstrated how senior workers exhibited strong acceptance and positive experiences with our advanced workstation and the cobot, even under higher mental strain. Besides, their task performance suffered increased errors and duration during dual-tasking, while the eye behavior partially reflected the increased mental demand. Some interesting outcomes were also gained about the predictive power of some of the collected indices over the number of errors committed at the assembly task, even though the same did not apply to predicting perceived workload levels.Discussion: Overall, the paper discusses possible applications of these results in the 5.0 manufacturing sector, emphasizing the importance of adopting a holistic human-centered approach to understand the human-cobot complex better.",0.1215884317951911," Study delves into dynamics of human-cobot interactions by adopting a human-centric view . Senior workers exhibited strong acceptance and positive experiences with our advanced workstation and the cobot, even under higher mental strain .",False,,,,,,https://www.frontiersin.org/articles/10.3389/frobt.2023.1275572/pdf?isPublishedV2=False
